time,x,y,z,vx,vy,vz
0.0,0.49050349507230273,0.2930401047569918,-1.438655910723135,-0.007799810520589806,-0.0021463618557516564,-0.0005256385507115893
0.01,0.4903832588036412,0.29304549845963984,-1.4386175339712457,-0.005549139352667336,-0.004235951608874158,0.0012386732287147555
0.02,0.49021655173852186,0.2930822999789122,-1.4385879284132743,-0.004154089422403277,-0.006108281955628256,0.0026866113975364653
0.03,0.490012000607567,0.2931478671552786,-1.438564858279331,-0.0035734038592950736,-0.007769686771062942,0.0038345209407521313
0.04,0.48977802864485487,0.29323962136733717,-1.4385461810402402,-0.003755876929321925,-0.009228432687230195,0.004700576911167221
0.05,0.489522742446141,0.2933550675793534,-1.4385298751425575,-0.004643178975122779,-0.010494268158315171,0.005304129189629168
0.06,0.48925384760943313,0.2934918102067903,-1.438514059316622,-0.006172198418813269,-0.01157804682843476,0.005665189057441267
0.07,0.4889785883553709,0.29364756543249326,-1.4384970049132797,-0.008276969602129518,-0.0124914133451585,0.005804008360863784
0.08,0.48870370701668675,0.29382017048357517,-1.4384771425964673,-0.010890242748266422,-0.01324654678324473,0.005740713929861581
0.09,0.48843541987676276,0.29400759029586393,-1.4384530645123736,-0.013944762548852588,-0.013855937171384319,0.0054950384696517245
0.1,0.4881794063805637,0.29420792192877615,-1.438423522879665,-0.017374294555946183,-0.014332196371535917,0.005086105173465949
0.11,0.48794080918473337,0.2944193970397477,-1.4383874258362948,-0.02111443546843539,-0.014687899271609864,0.004532256677198672
0.12,0.48772424288125715,0.29464038268802867,-1.4383438312542143,-0.025103241122903186,-0.01493545099142156,0.003850915680691437
0.13,0.4875338095621059,0.2948693807016233,-1.4382919390781705,-0.02928170290011618,-0.015086974801048543,0.0030585209095584792
0.14,0.48737311967432906,0.2951050258199529,-1.4382310826645481,-0.03359409421583845,-0.015154219654073042,0.002170453695507245
0.15,0.48724531685579864,0.2953460828051149,-1.438160719521776,-0.03798821003861552,-0.015148483422430073,0.0012010060258405997
0.16,0.4871531056494476,0.2955914426845736,-1.4380804217849994,-0.04241551380778459,-0.015080555198124486,0.00016333573279289984
0.17,0.4870987811859259,0.29584011828976314,-1.4379898666744126,-0.046831207224533766,-0.014960666739880458,-0.0009303658378248258
0.18,0.48708426002284666,0.2960912392515883,-1.4378888267777419,-0.051194269949872265,-0.014798418470436127,-0.0020687835386290505
0.19,0.4871111114888515,0.2963440465289231,-1.4377771605318714,-0.05546740883014048,-0.014602780243823478,-0.003241777142265029
0.2,0.48718058905968087,0.29659788656447206,-1.4376548034315655,-0.059616965578522,-0.014382091627099807,-0.004440326852714628
0.21,0.4872936613272766,0.2968522052119876,-1.4375217598302636,-0.06361281115790354,-0.014144043326037914,-0.0056564145784412136
0.22,0.4874510422028312,0.2971065415262768,-1.4373780952146302,-0.06742820640336153,-0.013895676995662683,-0.006882896783943097
0.23,0.4876532200807109,0.29736052148601627,-1.437223928904575,-0.0710396485671974,-0.013643385378711015,-0.008113398603414038
0.24,0.48790048574170425,0.2976138517108497,-1.4370594272011212,-0.07442670405716859,-0.013392918058005993,-0.009342232940972426
0.25,0.48819295883458125,0.29786631322807533,-1.4368847969989467,-0.07757183104501222,-0.013149393139528853,-0.010564339794777632
0.26,0.4885306128215564,0.2981177553355588,-1.4367002798694064,-0.08046019852058059,-0.012917310536872064,-0.011775229184491495
0.27,0.4889132983218878,0.29836808960924294,-1.436506146633337,-0.08307949250070044,-0.012700580066679155,-0.012970961257201099
0.28,0.4893407648085313,0.29861728409338606,-1.4363026924209878,-0.08541972901190817,-0.012502543342278578,-0.014148102462383481
0.29,0.48981268063108535,0.29886535769991773,-1.4360902321889688,-0.0874730667791387,-0.01232600029124693,-0.015303688432799457
0.3,0.4903286513727659,0.2991123748450697,-1.4358690966779517,-0.08923362287784574,-0.012173238098367924,-0.016435188456574996
0.31,0.490888236566044,0.2993584403446218,-1.4356396287858137,-0.0906972934729894,-0.0120460613539363,-0.017540469739668163
0.32,0.4914909648060146,0.2996036945835616,-1.4354021803276873,-0.09186158197221146,-0.011945822963866402,-0.018617762540013225
0.33,0.4921363473228756,0.29984830897209774,-1.4351571091519568,-0.09272543371757197,-0.011873454945564868,-0.019665628055545573
0.34,0.4928238900649746,0.30009248169425234,-1.434904776584048,-0.09328907554198367,-0.011829500579855585,-0.02068291796162537
0.35000000000000003,0.49355310434038757,0.3003364337504831,-1.434645545178032,-0.09355386711624912,-0.011814144791222631,-0.021668746362661875
0.36,0.494323516111429,0.30058040529595476,-1.434379776747837,-0.0935221617209348,-0.011827244734643362,-0.022622460505966398
0.37,0.4951346740310961,0.3008246522726901,-1.4341078306502042,-0.09319717568000424,-0.01186835967183205,-0.023543613512254154
0.38,0.4959861562988444,0.30106944333011537,-1.4338300622990725,-0.09258286618011224,-0.011936779950316046,-0.02443193905938039
0.39,0.49687757641102037,0.30131505702637007,-1.4335468218937675,-0.09168381674887852,-0.01203155489105065,-0.025287327754473787
0.4,0.4978085878746682,0.30156177930058303,-1.4332584533470158,-0.09050513346460638,-0.012151519699436274,-0.026109806079314103
0.41000000000000003,0.49877888798473874,0.3018099012072972,-1.4329652933903683,-0.08905235051611504,-0.012295321218955213,-0.02689951743978776
0.42,0.49978822075144824,0.3020597169023018,-1.4326676708393222,-0.087331342629842,-0.01246144229803945,-0.027656704505309368
0.43,0.5008363790401796,0.30231152186674576,-1.4323659060083633,-0.0853482455527064,-0.012648224832464729,-0.02838169316483241
0.44,0.5019232059986332,0.30256561135696725,-1.4320603102625742,-0.08310938459412447,-0.012853891437085572,-0.029074878077885377
0.45,0.5030485958463529,0.3028222790669548,-1.4317511856923204,-0.08062121096350434,-0.013076565714746342,-0.029736709738126123
0.46,0.5042124940994737,0.30308181598999107,-1.4314388248980023,-0.07789024570672749,-0.013314291184491824,-0.03036768301945818
0.47000000000000003,0.5054148973018932,0.3033445094666106,-1.4311235108718494,-0.07492303003323683,-0.013565048804626665,-0.030968326856534292
0.48,0.5066558523222864,0.3036106424053175,-1.4308055169669405,-0.07172608153174531,-0.01382677307355078,-0.031539194936046656
0.49,0.5079354552716443,0.303880492662304,-1.4304851069446307,-0.06830585642816969,-0.014097366801368933,-0.032080857502447775
0.5,0.509253850097809,0.304154332567303,-1.4301625350903402,-0.0646687173061457,-0.014374714568155186,-0.032593894151838027
0.51,0.510611226907929,0.304432428582831,-1.4298380463887574,-0.060820908684205637,-0.014656694830642181,-0.03307888839577117
0.52,0.5120078200939236,0.3047150410836618,-1.4295118767415622,-0.056768534359920825,-0.01494119088004264,-0.03353642222554798
0.53,0.5134439062753675,0.3050024242453655,-1.4291842532283625,-0.05251753317215837,-0.015226100764075403,-0.033967069683291835
0.54,0.514919802040914,0.30529482603184466,-1.4288553944213895,-0.04807366448151363,-0.015509345958759965,-0.03437139291906159
0.55,0.5164358615825693,0.30559248826962515,-1.4285255107296375,-0.043442500076983234,-0.015788878917419112,-0.03474993983454031
0.56,0.5179924742843565,0.30589564679789427,-1.428194804757151,-0.038629418017252136,-0.01606268961189051,-0.03510324203120503
0.5700000000000001,0.5195900622820733,0.30620453168462525,-1.427863471673183,-0.033639598322902184,-0.016328811316335567,-0.03543181295139337
0.58,0.5212290780107824,0.30651936750091435,-1.4275316995913534,-0.02847801709166159,-0.016585325566258774,-0.03573614534716571
0.59,0.5229100017217142,0.3068403736456937,-1.4271996699658125,-0.023149444713969097,-0.016830366054845558,-0.036016709781777775
0.6,0.5246333390074049,0.3071677647104408,-1.4268675579947083,-0.017658449219189395,-0.017062121842615786,-0.036273954557995786
0.61,0.5263996183845516,0.3075017508770438,-1.426535533016703,-0.012009400375465773,-0.017278840007573487,-0.0365083057772826
0.62,0.5282093889403214,0.30784253834330744,-1.4262037588994798,-0.006206474481096638,-0.017478827614751568,-0.03672016750493141
0.63,0.5300632180473389,0.30819032976937155,-1.4258723944194456,-0.00025366037996364665,-0.017660453118794994,-0.03690992224749999
0.64,0.5319616891580141,0.3085453247394291,-1.425541593629753,0.0058452335042747106,-0.017822147254316023,-0.03707793170414778
0.65,0.5339053996869251,0.30890772023366525,-1.4252115062141297,0.012086571303681501,-0.017962403466672695,-0.037224537755009716
0.66,0.5358949589881845,0.3092777111058516,-1.4248822778243622,0.01846688118326524,-0.018079777933133114,-0.037350063651697185
0.67,0.5379309864330927,0.3096554905625169,-1.4245540503996188,0.02498284631608222,-0.018172889221893657,-0.03745481537672411
0.68,0.540014109591907,0.3100412506400785,-1.4242269624661161,0.031631295497329195,-0.018240417633425286,-0.03753908314102776
0.6900000000000001,0.5421449625222272,0.31043518267675413,-1.4239011494159304,0.038409193524452684,-0.01828110426603505,-0.037603142990279295
0.7000000000000001,0.5443241841653088,0.31083747777648274,-1.4235767437640425,0.04531363145648931,-0.018293749844539783,-0.03764725849269558
0.71,0.5465524168505538,0.31124832726246204,-1.423253875382969,0.052341816853043316,-0.018277213348034116,-0.03767168248359951
0.72,0.5488303049074958,0.31166792311826585,-1.4229326717145696,0.05949106133388002,-0.01823041045004806,-0.03767665975102863
0.73,0.5511584934112534,0.31209645841462774,-1.422613257949776,0.06675876807985356,-0.018152311827466402,-0.03766242982206956
0.74,0.5535376270612758,0.31253412772053557,-1.4222957571753825,0.07414242800021748,-0.018041941413578434,-0.03762922694961604
0.75,0.5559683491060197,0.3129811274980314,-1.4219802905160344,0.08163961657792132,-0.017898374554075898,-0.037577279895060406
0.76,0.5584513003061264,0.31343765647969113,-1.4216669772735928,0.08924798237184914,-0.017720736052436195,-0.03750681452893706
0.77,0.5609871180189387,0.3139039160276229,-1.421355935035832,0.09696523567971066,-0.01750819817840034,-0.03741805646430092
0.78,0.5635764354022006,0.3143801104735524,-1.421047279754267,0.1047891405551466,-0.017259978664269312,-0.03731123264450233
0.79,0.5662198807028995,0.3148664474398095,-1.4207411258016958,0.11271750724808419,-0.016975338690038966,-0.037186572849991814
0.8,0.5689180766265598,0.31536313814103767,-1.4204375860103888,0.12074818509163235,-0.016653580869950065,-0.0370443111130362
0.81,0.5716716397821036,0.31587039766657066,-1.4201367716919633,0.12887905585208353,-0.016294047250546742,-0.036884687031548596
0.8200000000000001,0.5744811801972702,0.3163884452435203,-1.4198387926400717,0.13710802755186036,-0.015896117328722096,-0.03670794697422102
0.8300000000000001,0.5773473008995205,0.3169175044807013,-1.4195437571171028,0.14543302876755745,-0.015459206096614931,-0.03651434517262908
0.84,0.5802705975573639,0.31745780359358866,-1.4192517718261402,0.1538520034148421,-0.014982762117061267,-0.0363041446914691
0.85,0.583251658176962,0.318009575610537,-1.4189629418695098,0.16236290601891593,-0.01446626563272324,-0.03607761827245072
0.86,0.5862910628489053,0.31857305856052226,-1.4186773706952882,0.1709636974577925,-0.013909226710950209,-0.03583504905401453
0.87,0.5893893835401969,0.3191484956426849,-1.4183951600331985,0.17965234118509343,-0.01331118340844642,-0.03557673124524762
0.88,0.5925471839263083,0.3197361353779149,-1.4181164098215404,0.1884267999199129,-0.012671699936591226,-0.03530297085749748
0.89,0.5957650192583215,0.3203362317427725,-1.4178412181261792,0.1972850329439806,-0.011990365040205727,-0.03501408514220897
0.9,0.5990434362603392,0.3209490442859556,-1.4175696810531646,0.2062249936605714,-0.01126679019959732,-0.034710403188438974
0.91,0.6023829730527391,0.3215748382274875,-1.4173018926568417,0.21524462761902524,-0.010500607919570807,-0.03439226599655114
0.92,0.6057841590970481,0.32221388454082484,-1.4170379448446333,0.2243418708875422,-0.009691470051930079,-0.03406002640319792
0.93,0.6092475151590693,0.32286646001814145,-1.4167779272788015,0.23351464898343555,-0.0088390463115725,-0.03371404828827411
0.9400000000000001,0.6127735532858662,0.3235328473187923,-1.4165219272777168,0.24276087607316976,-0.007943022374943449,-0.033354706850138846
0.9500000000000001,0.6163627767904722,0.3242133350006515,-1.4162700297202413,0.25207845427516573,-0.007003098075479337,-0.032982388575421955
0.96,0.6200156802443042,0.32490821753436694,-1.41602231695167,0.26146527369842504,-0.006018985885776422,-0.032597490106393956
0.97,0.6237327494722436,0.32561779530046175,-1.4157788686925643,0.2709192148405126,-0.004990409065500717,-0.032200416702955786
0.98,0.627514461525378,0.3263423745674461,-1.4155397619605286,0.2804381512055833,-0.003917099743283983,-0.03179158059847451
0.99,0.6313612846292036,0.327082267450221,-1.415305071006114,0.2900199495077731,-0.002798797198922315,-0.03137140023646044
1.0,0.6352736781314399,0.32783779185071105,-1.4150748672541358,0.2996624702269017,-0.0016352460928564447,-0.030940299367238265
1.01,0.6392520924457934,0.32860927137996665,-1.4148492192516828,0.30936356951546423,-0.00042619432398553064,-0.030498705675006097
1.02,0.6432969689767021,0.3293970352602056,-1.4146281926290303,0.31912110218631046,0.0008286086843267287,-0.03004704886639218
1.03,0.6474087400184693,0.33020141820656745,-1.414411850076515,0.3289329248267737,0.0021294139523228978,-0.0295857587454988
1.04,0.6515878286256893,0.33102276028749245,-1.4142002513382794,0.3387968986478907,0.003476475214657493,-0.029115263417743637
1.05,0.6558346484556629,0.3318614067628865,-1.4139934532229073,0.3487108936338295,0.004870051171481954,-0.02863598694683893
1.06,0.6601496035712481,0.33271770789883726,-1.4137915096357907,0.358672793241871,0.0063104078488659884,-0.02814834677684573
1.07,0.6645330881987235,0.33359201875772526,-1.4135944716356617,0.36868049767402905,0.00779782101668184,-0.027652751640108535
1.08,0.6689854864550248,0.3344846989631084,-1.4134023875104997,0.3787319276518659,0.009332578652482527,-0.02714959926808477
1.09,0.6735071720394061,0.3353961124388704,-1.413215302874877,0.3888250297884492,0.01091498346386522,-0.026639273508636332
1.1,0.6780985078736435,0.33632662712200434,-1.4130332607947467,0.3989577816632544,0.012545355593340045,-0.026122141502157813
1.11,0.6827598456938417,0.3372766146471624,-1.412856301939164,0.4091281967154401,0.014224035442025967,-0.025598550891609326
1.12,0.6874915255957587,0.3382464500017434,-1.4126844647586818,0.41933432961318295,0.0159513865188625,-0.02506882685247052
1.1300000000000001,0.6922938755289834,0.3392365111512227,-1.4125177856922844,0.42957428195854275,0.01772779836189326,-0.02453326898438478
1.1400000000000001,0.6971672107367173,0.34024717863396625,-1.4123562994043164,0.4398462081207725,0.019553689512245696,-0.023992148139090706
1.1500000000000001,0.7021118331400122,0.34127883512493673,-1.4122000390519822,0.45014832105673486,0.021429510448785105,-0.02344570307899084
1.16,0.7071280306670953,0.3423318649679932,-1.4120490365834204,0.46047889813456183,0.02335574675705998,-0.022894137628115138
1.17,0.7122160765266451,0.3434066536763468,-1.4119033230669373,0.4708362871808241,0.025332922183707487,-0.0223376173712134
1.18,0.7173762284238427,0.3445035874008062,-1.4117629290517801,0.481218912488577,0.02736160167067503,-0.021776266367061307
1.19,0.7226087277197186,0.34562305236593605,-1.4116278849602213,0.4916252807236532,0.029442394369274635,-0.02121016399784796
1.2,0.7279137985347373,0.34676543427459405,-1.4114982215104588,0.5020539866876071,0.03157595657440565,-0.020639341908212906
1.21,0.7332916467981614,0.3479311176816251,-1.411373970169497,0.5125037189329605,0.03376299454338054,-0.02006378104794114
1.22,0.7387424592447847,0.34912048533784745,-1.411255163635036,0.5229732652011511,0.03600426715848834,-0.019483408843339982
1.23,0.7442664023609185,0.3503339175058754,-1.4111418363451502,0.5334615174505232,0.03830058837821078,-0.01889809659560114
1.24,0.749863621283841,0.3515717912498749,-1.4110340250135331,0.5439674763984406,0.040652829425533166,-0.018307657153177684
1.25,0.7555342386596817,0.35283447970186876,-1.410931769187635,0.5544902555707826,0.043061920660134076,-0.017711842875633522
1.26,0.7612783534647749,0.3541223513077381,-1.4108351118268312,0.5650290847324776,0.045528853070240044,-0.017110343955005547
1.27,0.767096039796783,0.35543576905671503,-1.4107440998971061,0.5755833125785942,0.048054679314559506,-0.016502787161445227
1.28,0.7729873456430943,0.35677508969884997,-1.4106587849780883,0.5861524085665172,0.0506405142398485,-0.015888735079357535
1.29,0.7789522916352009,0.3581406629556838,-1.4105792238776076,0.5967359637598707,0.05328753479618922,-0.015267685895804335
1.3,0.7849908697990227,0.3595328307301433,-1.4105054792482026,0.6073336905386518,0.05599697927205219,-0.01463907378470657
1.31,0.7911030423125466,0.36095192632256146,-1.4104376201993076,0.6179454210448605,0.05877014573425435,-0.014002270056111628
1.32,0.7972887402836357,0.36239827366064986,-1.4103757228980758,0.6285711042002772,0.06160838959162053,-0.01335658509336905
1.33,0.8035478625623653,0.36387218655220577,-1.4103198711509117,0.639210801135864,0.06451312017900615,-0.012701271167359654
1.34,0.809880274603856,0.3653739679703658,-1.4102701569569154,0.6498646788624106,0.06748579625244346,-0.012035526221631202
1.35,0.8162858073992789,0.3669039093822998,-1.4102266810235298,0.6605330020078641,0.07052792028155028,-0.01135849872176481
1.36,0.8227642564944572,0.3684622901333806,-1.4101895532337667,0.6712161224356805,0.07364103142301943,-0.010669293680609862
1.37,0.8293153811173445,0.3700493769000456,-1.410158893053401,0.6819144665413448,0.07682669705085196,-0.009966979950268524
1.3800000000000001,0.8359389034376828,0.371665423225791,-1.4101348298654817,0.6926285186674224,0.08008650258324328,-0.009250599409077749
1.3900000000000001,0.8426345079977536,0.3733106691573046,-1.410117503213236,0.7033588025566767,0.08342203968299816,-0.008519177329899156
1.4000000000000001,0.8494018413339259,0.37498534099701253,-1.4101070629396089,0.7141058625670232,0.08683489288866997,-0.007771733267178564
1.41,0.85624051179142,0.37668965118778586,-1.4101036692181022,0.7248702409356895,0.09032662420623569,-0.007007293921763506
1.42,0.8631500895718516,0.37842379835024864,-1.4101074924550816,0.735652449944869,0.09389875542795106,-0.006224908473798365
1.43,0.8701301070646588,0.3801879674953771,-1.410118713039128,0.7464529407713486,0.09755274824264279,-0.005423665687365483
1.44,0.877180059495647,0.3819823304344867,-1.4101375209197489,0.7572720697519713,0.10128998209620912,-0.004602712504692883
1.45,0.8842994059185425,0.38380704640914315,-1.4101641150005304,0.7681100581728886,0.10511172940297567,-0.003761275617566443
1.46,0.891487570614385,0.3856622629675022,-1.4101987023169895,0.7789669493482494,0.10901912819658657,-0.002898684591617429
1.47,0.8987439449259186,0.38754811711271286,-1.4102414969836015,0.7898425658417586,0.11301315230716846,-0.0020143954594223495
1.48,0.9060678895256079,0.3894647367481415,-1.4102927189053371,0.8007364584074295,0.11709457850886512,-0.0011080179198027567
1.49,0.9134587372001415,0.39141224244973905,-1.4103525922176703,0.8116478485938798,0.12126395065764353,-0.00017934537401136617
1.5,0.9209157962148342,0.3933907495956729,-1.4104213434266946,0.8225755677594984,0.12552154104832974,0.0007716133142393442
1.51,0.928438354293866,0.3954003708810594,-1.4104991992321383,0.8335179922564283,0.1298673085887447,0.0017446002255364279
1.52,0.9360256832547136,0.39744121924965237,-1.4105863840149482,0.8444729755353443,0.13430085370176062,0.002739073288176234
1.53,0.9436770443276017,0.399513411275238,-1.4106831169744294,0.8554377740709873,0.13882137028966712,0.003754168731158973
1.54,0.9513916942218053,0.4016170710221429,-1.4107896088904464,0.8664089681207969,0.143427594568943,0.004788661514122388
1.55,0.9591688919905041,0.40375233441618086,-1.4109060584904642,0.8773823782954502,0.1481177507984879,0.005840924205520296
1.56,0.9670079067360979,0.40591935415713665,-1.4110326484059248,0.8883529773788037,0.15288949405355431,0.006908884264329968
1.57,0.9749080262035139,0.4081183052023611,-1.4111695407020002,0.8993147980571705,0.15773985009352354,0.007989980102105236
1.58,0.9828685663024377,0.4103493908505729,-1.4113168719685334,0.9102608369094407,0.16266515253281325,0.00908111623162186
1.59,0.9908888815958767,0.41261284945287025,-1.411474747963041,0.9211829548700291,0.16766097748279585,0.010178617749099176
1.6,0.9989683767903432,0.41490896177627534,-1.411643237799116,0.932071773621192,0.17272207598024172,0.011278184160066604
1.61,1.0071065192683766,0.41723805904198474,-1.4118223676736752,0.9429165703287051,0.1778423044803797,0.012374843593432043
1.62,1.01530285267998,0.4196005316577123,-1.412012114136933,0.9537051721697567,0.18301455377673076,0.013462908097009504
1.6300000000000001,1.0235570115950565,0.42199683865989635,-1.4122123969159193,0.9644238467118846,0.1882306768744436,0.01453592881730523
1.6400000000000001,1.0318687372583348,0.42442751787627275,-1.4124230712903887,0.9750571922105998,0.19348141653106046,0.015586652721802773
1.6500000000000001,1.0402378944475985,0.42689319681217686,-1.4126439200365433,0.9855880325400763,0.1987563332213975,0.016606982689575736
1.6600000000000001,1.0486644893888863,0.4293946042563727,-1.412874644972253,0.9959973123317374,0.20404373396079356,0.01758793943426724
1.67,1.0571486887265737,0.43193258259786405,-1.4131148581220958,1.0062639937363882,0.20933060285362332,0.01851962582856931
1.68,1.0656908395320965,0.4345081008364733,-1.413364072526226,1.0163649592563213,0.21460253459781958,0.019391195250707774
1.69,1.07429149029061,0.43712226825765665,-1.4136216927332321,1.0262749216781577,0.21984367199588348,0.020190824291409726
1.7,1.082951412794718,0.4397763487312864,-1.4138870050197658,1.035966342832622,0.22503664879551816,0.02090569007345004
1.71,1.0916716248567724,0.4424717755814803,-1.414159167384243,1.04540936345136,0.23016253934321634,0.02152195259637746
1.72,1.100453413728389,0.4452101669599864,-1.4144371993668565,1.0545717463920792,0.23520081642921398,0.022024743014081874
1.73,1.1092983600941646,0.4479933416401185,-1.4147199717513856,1.0634188359865608,0.24012931923921105,0.022398157757750177
1.74,1.1182083624780614,0.4508233351306552,-1.4150061962087312,1.071913536583041,0.24492423331086322,0.02262525897122566
1.75,1.127185661870313,0.4537024159895455,-1.4152944149450997,1.0800163129842328,0.24956008474584823,0.022688081325952278
1.76,1.136232866354388,0.45663310219693976,-1.4155829904190331,1.0876852167851827,0.2540097504212229,0.022567645410991502
1.77,1.1453529754783802,0.45961817742431743,-1.4158700951931644,1.0948759421078593,0.25824448702740854,0.02224397768440116
1.78,1.1545494040767672,0.4626607070109286,-1.4161537019858776,1.1015419110057085,0.2622339823523708,0.021696135821877446
1.79,1.163826005242277,0.46576405342890376,-1.4164315739769529,1.1076343997630258,0.2659464303687821,0.020902241399535577
1.8,1.1731870920406526,0.4689318909972672,-1.4167012554405591,1.113102713556781,0.2693486329810403,0.019839520600077938
1.81,1.1826374574846503,0.4721682195782878,-1.4169600627858165,1.1182108845210064,0.27262558140801213,0.01864320171448558
1.82,1.1921792275331924,0.4754751824598541,-1.417206664572879,1.1235385560035467,0.27618095824648325,0.01760541770743621
1.83,1.2018087052537125,0.4788508792171198,-1.4174426505551434,1.1293486468641807,0.2801987723428931,0.01685755817424222
1.84,1.2115195383473285,0.48229156222528635,-1.417670924241322,1.135587155561155,0.2846435177063915,0.016371862650916922
1.85,1.2213058886390036,0.48579383158304124,-1.4178941113907486,1.1421996703437314,0.28947972227804075,0.016120756449140274
1.86,1.2311624364714724,0.4893546345482396,-1.418114561867346,1.149131555503969,0.29467205125828816,0.016076879832594673
1.87,1.2410843832421727,0.4929712639403976,-1.4183343517858165,1.1563281236520306,0.3001853663747835,0.016213117115223014
1.8800000000000001,1.2510674522228973,0.496641355950635,-1.4185552859492632,1.1637347373816924,0.30598477430459037,0.016502613401123724
1.8900000000000001,1.2611078883682052,0.5003628874675644,-1.4187789004546436,1.1712968189729605,0.31203568283648614,0.016918775144404666
1.9000000000000001,1.2712024580321613,0.504134172841766,-1.4190064653042405,1.17895990237198,0.3183038087500279,0.017435283335531827
1.9100000000000001,1.2813484481705684,0.5079538605717243,-1.4192389871494022,1.1866696986126377,0.3247551554401557,0.018026112041227903
1.92,1.2915436648942091,0.5118209302138117,-1.419477212220071,1.1943721131213056,0.3313559931000978,0.01866553838478558
1.93,1.3017864318542025,0.515734689490779,-1.4197216293544905,1.2020132538900348,0.33807282988939946,0.019328152259127873
1.94,1.3120755885507176,0.5196947716889431,-1.419972473126408,1.2095394353142703,0.34487237724839076,0.019988866368289435
1.95,1.322410488608334,0.5237011334026516,-1.4202297270730353,1.2168971828947444,0.351721512545038,0.020622927338172208
1.96,1.3327909980093298,0.5277540526527408,-1.4204931270344532,1.2240332431584113,0.35858724213541976,0.021205928342253284
1.97,1.3432174932326353,0.5318541273748971,-1.4207621646195914,1.230894604982528,0.3654366680785502,0.02171382431124917
1.98,1.3536908591843462,0.5360022742414164,-1.4210360908246111,1.237428537821044,0.37223696167492965,0.02212295053943858
1.99,1.3642124867506928,0.5401997277481712,-1.4213139198376408,1.2435826446566982,0.37895534644160916,0.022410042920605014
2.0,1.3747842698261346,0.54444803947246,-1.4215944330461499,1.2493049424221383,0.38555909397278704,0.02255226301322004
2.0100000000000002,1.3854086015418048,0.5487490773729284,-1.4218761832952413,1.2545439807946466,0.3920155361757525,0.022527230493194713
2.02,1.3960883693104922,0.5531050249678491,-1.4221574994707198,1.2592489872034256,0.39829209625989254,0.022313058025611048
2.0300000000000002,1.4068269484259528,0.5575183802042724,-1.4224364914311158,1.263370047802172,0.4043563416014578,0.021888390820217873
2.04,1.4176281938568094,0.561991953799335,-1.422711055335495,1.2668583380954177,0.4101760619019983,0.021232454474208098
2.05,1.4284964297384257,0.5665288668008273,-1.4229788794499014,1.269666395430035,0.4157193751299347,0.020325107888796632
2.06,1.4394364361440126,0.5711325470892338,-1.4232374504831733,1.271748442339513,0.42095486456260817,0.019146903764151357
2.07,1.4504534326263565,0.5758067245102817,-1.423484060527893,1.2730607754401537,0.42585175066591824,0.017679161293650117
2.08,1.4615530578745588,0.5805554242896628,-1.4237158147284572,1.2735622122707204,0.4303800996490713,0.015904048685179716
2.09,1.4727413449062745,0.5853829583632195,-1.4239296397745265,1.2732145928130278,0.43451107073197737,0.013804675143177281
2.1,1.4840246912485426,0.5902939142355086,-1.4241222933144457,1.2719833471373605,0.43821720550418797,0.011365197467132044
2.11,1.4954098234458775,0.5952931409458674,-1.4242903744347883,1.2698381327732575,0.44147276208754965,0.008570944602165016
2.12,1.5069037551982158,0.6003857316936907,-1.4244303353844758,1.2667535389804985,0.4442540953561823,0.0054085630716059355
2.13,1.5185137384589857,0.6055770026632872,-1.4245384947441941,1.2627098668053238,0.44654008529800593,0.0018661868577229364
2.14,1.5302472067391624,0.6108724675663606,-1.4246110522995652,1.2576939870888388,0.4483126139230847,-0.0020663523156102103
2.15,1.5421117098499024,0.6162778073945651,-1.4246441059596138,1.2517002579246066,0.4495570991659439,-0.006397297748688943
2.16,1.5541148394396818,0.6217988348766609,-1.4246336710742513,1.244731514680375,0.45026307402059795,-0.01113267896758585
2.17,1.5662641446486694,0.6274414531293501,-1.4245757025767722,1.2368001291841444,0.4504248187066482,-0.016275974346564366
2.18,1.5785670371793228,0.6332116079824974,-1.4244661205061335,1.2279291333769033,0.45004204440107787,-0.0218277080185379
2.19,1.5910306851314462,0.639115233470541,-1.4243008395521206,1.218153404058469,0.4491206261901791,-0.027784971716819113
2.2,1.6036618949910002,0.6451581899939279,-1.4240758033779257,1.207520897576491,0.4476733858660522,-0.034140859066117385
2.21,1.6164669812582706,0.6513461946769913,-1.423787024600752,1.1960939350145092,0.44572091328978425,-0.040883799604851646
2.22,1.6294516232620224,0.6576847434764674,-1.423430631440086,1.1839505162241712,0.44329243354407943,-0.04799677858978489
2.23,1.6426207088194944,0.6641790246366942,-1.4230029221628673,1.1711856649398913,0.440426708243261,-0.05545642736575802
2.24,1.65597816444706,0.6708338231343479,-1.4225004286246081,1.157912795066494,0.4371729669427703,-0.06323196980881493
2.25,1.6695267719111926,0.677653415811376,-1.421919990348898,1.144265069797261,0.4335918589851,-0.07128402136657656
2.2600000000000002,1.6832679711978977,0.6846414569812136,-1.4212588406468083,1.1303967394420118,0.429756421232662,-0.07956322020180386
2.27,1.6972016500948532,0.6918008543718798,-1.420514706378985,1.1164844515968162,0.4257530500850457,-0.08800869231837344
2.2800000000000002,1.7113259206715212,0.6991336353556706,-1.4196859230517784,1.1027285136730272,0.42168246671575016,-0.09654635451193685
2.29,1.725636883145651,0.7066408035176488,-1.418771566920979,1.0893540876568804,0.4176606679799021,-0.10508705310651927
2.3000000000000003,1.7401283778019656,0.7143221857195574,-1.417771605699106,1.0766123029664951,0.4138198505065457,-0.11352455963047792
2.31,1.754791725783968,0.7221762699244155,-1.4166870693058526,1.0647812724866028,0.4103092986967557,-0.12173345143419297
2.32,1.769615459715454,0.7302000341459669,-1.4155202418265875,1.054160353966645,0.40729854511715,-0.12956844305472767
2.33,1.7845851116549005,0.7383887438783764,-1.4142748602908413,1.0450491881513146,0.40498550889714946,-0.13686729048920973
2.34,1.7996832108066947,0.7467356679800456,-1.4129562841160643,1.0377252416035152,0.40360439947494087,-0.14345464844314249
2.35,1.814889505734275,0.7552317156028676,-1.4115716261257432,1.0324172075639688,0.403395583726725,-0.1491586924011135
2.36,1.8301814525664502,0.7638653744523057,-1.410129717347027,1.029264390868109,0.4045351222079424,-0.153845667257664
2.37,1.8455351093563028,0.7726233536871667,-1.4086407263222547,1.0282985133365652,0.40709791305423215,-0.15743989626110177
2.38,1.86092621238794,0.7814915953824485,-1.4071155783312717,1.0294573882449833,0.41107076433850753,-0.15991982405129532
2.39,1.8763311157403018,0.7904561552706657,-1.4055654141836094,1.0326029733876543,0.4163737415782752,-0.16130978043582572
2.4,1.891727550322137,0.7995038700100874,-1.4040011313731655,1.037535408488032,0.4228766750012054,-0.16167377782652215
2.41,1.907095242534727,0.808622859382226,-1.4024329872587986,1.0440038151873505,0.4304119196997229,-0.1611107713681619
2.42,1.9224164249366618,0.8178029008895932,-1.4008702496439247,1.0517140443329298,0.43878382802822824,-0.15975123803300648
2.43,1.9376762693349323,0.8270357095162186,-1.3993208815221825,1.0603451316814199,0.447788243411657,-0.15774676480280894
2.44,1.9528631543211161,0.8363150236196832,-1.3977913295966777,1.0697427984414183,0.4573964480998024,-0.15514253193029148
2.45,1.9679669987758808,0.8456348506284401,-1.396287588328875,1.0799274032253936,0.46774447032648725,-0.15187127751910384
2.46,1.9829775171269892,0.8549878182652224,-1.3948163244253793,1.0908946589936002,0.4789321128818077,-0.14788529678143822
2.47,1.9978844664801034,0.86436553665393,-1.3933846817171704,1.1026155705672178,0.4910203414923573,-0.1431587119622794
2.48,2.012677894197944,0.8737589866210577,-1.3920000632455032,1.1149264698371353,0.5039128952928406,-0.13776868120882074
2.49,2.0273494851122473,0.8831600918561469,-1.390669101121912,1.1275282922664152,0.5173600753430317,-0.13189928697808861
2.5,2.0418939160664937,0.8925632529028781,-1.3893965877023773,1.140120516641271,0.5311065816681725,-0.12574573156308685
2.5100000000000002,2.056308871022103,0.9019654029950543,-1.3881853654284426,1.1524045491089074,0.5449067165913187,-0.11950706643041169
2.52,2.070595024105441,0.9113659107277758,-1.3870362887366972,1.1641619743059293,0.5586406064416786,-0.11331567197786521
2.5300000000000002,2.0847552386539405,0.9207653212431692,-1.3859488895391419,1.1753253817796343,0.5724258008919952,-0.10716808772213321
2.54,2.098793054968562,0.9301629842403869,-1.3849227319832886,1.1859043124971465,0.5865140379299789,-0.10098384125069704
2.5500000000000003,2.112711920565504,0.9395557124347247,-1.3839581831643295,1.1958483780151175,0.6010591752909727,-0.09473601958169074
2.56,2.126515790160216,0.9489387598802737,-1.38305587828468,1.2050446982253114,0.6161165669846652,-0.08845456548594403
2.57,2.140209751030288,0.9583068068922074,-1.3822161520253116,1.2134431110211457,0.6318905393233418,-0.08209306442116826
2.58,2.153799396750242,0.9676524698411053,-1.3814398028244521,1.2210547978730382,0.6487327816930788,-0.07552768821745591
2.59,2.167290214431553,0.9769648272383249,-1.3807288674211882,1.2278505523667114,0.6668511987670287,-0.0686981351391866
2.6,2.1806879890627444,0.9862308574770842,-1.3800859856002066,1.2337287270563955,0.686157986777268,-0.06167649933151204
2.61,2.1939995283402833,0.9954383957593216,-1.3795130762424872,1.2385624952534064,0.7064610465686113,-0.05458417481329582
2.62,2.2072329142988667,1.0045771772550849,-1.379010844539143,1.242239982843349,0.7276209215358044,-0.04752084696922567
2.63,2.2203973529688765,1.0136383122816282,-1.3785789997658728,1.2446624980304726,0.7495117876297993,-0.04057805766220585
2.64,2.233503045878239,1.0226141469035592,-1.378216335483772,1.2457535631790226,0.7720039751980639,-0.033841597264366335
2.65,2.2465609681371856,1.0314983014539625,-1.3779207871744557,1.245468565121195,0.7949641141487179,-0.027387327387041395
2.66,2.259582549609201,1.0402857082120947,-1.3776895317500084,1.2437814086820331,0.8182542778994762,-0.021286419843379735
2.67,2.2725794901498153,1.0489726569080866,-1.3775190344640595,1.2406707247894506,0.8417308200068521,-0.015610960709931829
2.68,2.28556371276949,1.0575568518577363,-1.3774050397788318,1.236126926917518,0.8652436483646407,-0.010431153563284654
2.69,2.2985472462347074,1.0660374763538905,-1.3773425901968444,1.230159523690135,0.8886356250086153,-0.005812340201351668
2.7,2.31154203459614,1.0744152630990575,-1.3773260747873648,1.2227989276901532,0.911691683518689,-0.0018321268873378745
2.71,2.324559729101234,1.0826930728132607,-1.3773491059235892,1.2140979736473951,0.9340074623646362,0.001373681839691956
2.72,2.337611463963636,1.0908777876003912,-1.377403937875606,1.2041292897394547,0.9548934071994724,0.0035773295170334124
2.73,2.350707658813327,1.0989831628712476,-1.3774805473456149,1.192980124333886,0.9733889933338019,0.004464746764819672
2.74,2.363857872914332,1.1070325370041685,-1.3775657703439157,1.180761412746089,0.9882911820357605,0.0036522968552663952
2.75,2.37707056870685,1.1150612564509057,-1.3776426065251934,1.1684437153139349,0.998786702053315,0.0012482239198044198
2.7600000000000002,2.3903445167062025,1.12311278102921,-1.3776951304815896,1.15881204896361,1.0051202595669326,-0.0015204209035077514
2.77,2.4036506627285057,1.1312280892943694,-1.3777196325512278,1.1544264071409354,1.0078910496039009,-0.003389539578265029
2.7800000000000002,2.416934355320458,1.1394421488619328,-1.377725114088367,1.1553493276497075,1.0073651506681698,-0.00421098957452252
2.79,2.430140313584618,1.1477872655396268,-1.3777221163410949,1.1604119908916777,1.0037236305275556,-0.004356919966796614
2.8000000000000003,2.443224986745893,1.1562939037930124,-1.3777173843139456,1.168593168825396,0.9972558642869467,-0.0041138648701210916
2.81,2.456155149031218,1.1649894893009667,-1.3777147401288148,1.1790114834337582,0.9884037231394325,-0.0036837261816590203
2.82,2.4689062784830442,1.1738971445048778,-1.3777160556057009,1.1909873745930915,0.977736362416843,-0.0031476465926044616
2.83,2.4814606662678287,1.1830342763234685,-1.3777223956051767,1.2040020278086792,0.9659255291419451,-0.0024948897869325366
2.84,2.493805810545837,1.192411549353516,-1.3777349344184988,1.2176077364349067,0.953651770059353,-0.0016890757107229748
2.85,2.5059337059623754,1.2020327977388015,-1.3777552109571722,1.2313827846627081,0.9415558379943306,-0.0007002469952103426
2.86,2.517840584047527,1.2118954232110541,-1.3777850638819702,1.2449473044091677,0.9302075150225431,0.0004938860222878723
2.87,2.5295264949840734,1.2219911049424264,-1.3778265545975539,1.2579674329926709,0.920102835307181,0.0019114021498269661
2.88,2.540994847779339,1.2323065373588815,-1.3778819247015295,1.2701516140710407,0.9116856318611883,0.003574603630486604
2.89,2.5522519879962533,1.2428239515761197,-1.3779536348262527,1.2812508563221687,0.9053447248215976,0.005510038382951922
2.9,2.5633067709873476,1.2535216671722278,-1.3780444094915913,1.291045917066046,0.9014216635176523,0.00774686883613958
2.91,2.574170264339558,1.2643745654124905,-1.3781572646387636,1.2993730138805968,0.9001991044750511,0.010323350471166268
2.92,2.5848551935142567,1.275354678148449,-1.378295598591925,1.3061445741069801,0.9019000649688407,0.013293928494266683
2.93,2.5953751790679056,1.286431785524166,-1.3784633551478394,1.3113399413353974,0.9066600531567415,0.016714206552594243
2.94,2.605744068843194,1.2975742900133347,-1.378665034095671,1.3150188812510575,0.9144596486806302,0.020619865690248783
2.95,2.615975134125057,1.3087507656922717,-1.378905491893552,1.317302984653951,0.9251782622520992,0.025035318398396116
2.96,2.626080451639645,1.31993097004258,-1.3791898290069555,1.3183414649106622,0.9386589436730042,0.029980830678636054
2.97,2.6360706275480763,1.3310862076537924,-1.3795233483210334,1.3182902673189274,0.9546897221188289,0.03545597470979014
2.98,2.6459547302751343,1.3421898806382297,-1.3799113479321297,1.317287282593808,0.973007391063609,0.041430049705285514
2.99,2.6557404713242967,1.3532180010516064,-1.380358818954975,1.3154360776761567,0.9933194993763448,0.047843301972870976
3.0,2.665434547876446,1.364149483727839,-1.380870154850074,1.3128024226033594,1.0153115847394298,0.0546086244941535
3.0100000000000002,2.675043019354826,1.3749663698955514,-1.3814488762957424,1.3094192353357976,1.0386528011659628,0.061616072902282215
3.02,2.6845716464311877,1.3856539800544847,-1.3820974039481113,1.3052862207975584,1.0630144704252966,0.0687404768023842
3.0300000000000002,2.694026216381765,1.3962008995127737,-1.3828169071224896,1.3003736826463534,1.088089247975623,0.07585122682042833
3.04,2.7034128372092834,1.4065987653116305,-1.3836072493213591,1.2946290645100431,1.1136060104700283,0.08282143339243149
3.0500000000000003,2.7127381664022163,1.4168419042263027,-1.3844670253801112,1.287968815855461,1.1392951667503755,0.08951369777837795
3.06,2.7220097210827605,1.4269273176123123,-1.3853934563406711,1.2802655021202005,1.1648423167256665,0.09576029270459868
3.0700000000000003,2.7312363164541593,1.4368551292270424,-1.386382086186925,1.2713584910503166,1.1899114298627116,0.10137727766257067
3.08,2.740428391966161,1.4466288085475987,-1.387426619607925,1.2610689470609173,1.2141727997075165,0.10618164671361888
3.09,2.7495981984659297,1.4562551043782324,-1.3885189308649841,1.2496282599565633,1.2376018326373,0.11025233756782808
3.1,2.7587557248413828,1.4657409924572906,-1.389651673765295,1.237700987029821,1.2604633118562663,0.11393172099208711
3.11,2.767904491762039,1.4750905545050865,-1.3908208706746186,1.2254747472903238,1.2827976559529204,0.11728047125617817
3.12,2.7770457993274764,1.4843078780943393,-1.3920232956681615,1.2127689717898629,1.304283085821538,0.12012702595619008
3.13,2.7861829817107013,1.493400030486082,-1.3932539274349611,1.199861538494095,1.3249085425780656,0.12256665165145533
3.14,2.795316632673412,1.5023741781371187,-1.3945086895045107,1.187530888791345,1.3449478948256055,0.12497302622273601
3.15,2.8044396975901473,1.5112345664061955,-1.3957871829354314,1.1765779691400406,1.3647361390405208,0.12771411326148996
3.16,2.813536890695101,1.5199823833646833,-1.3970928275455914,1.1679183683805814,1.3845725281336525,0.13120549896129113
3.17,2.82258404385894,1.5286154968128605,-1.3984330575795108,1.161955492368543,1.4046079403287706,0.1355918411252815
3.18,2.8315527347773846,1.5371305346372504,-1.3998169048059577,1.158664994724154,1.4247412511524304,0.14080642681343186
3.19,2.840414947467878,1.5455249710890875,-1.401252651730399,1.1580597943009656,1.4449425257921715,0.1468105617577746
3.2,2.849142564646085,1.5537965602365262,-1.402748194106964,1.160214326420676,1.4652333072135855,0.15360105208016064
3.21,2.8577067529677938,1.5619428211763577,-1.4043113959007627,1.1652687607406298,1.4856707026092484,0.16120368812024438
3.22,2.866077306097868,1.569960682367404,-1.4059503790756205,1.1734071909259818,1.5063208018651963,0.1696547483527519
3.23,2.8742222058984246,1.5778463917469732,-1.4076736283568216,1.1848061255737867,1.5272334580725502,0.17897383845804984
3.24,2.8821076987101266,1.5855956790179797,-1.4094898244153626,1.199608572794324,1.5484313898097457,0.18915093916549966
3.25,2.8896986306827293,1.5932040267351986,-1.4114075474031949,1.2179296661657486,1.5699084796561158,0.20014745331315306
3.2600000000000002,2.8969587260857415,1.6006669591731946,-1.4134349899144492,1.2398583550107984,1.591628134994614,0.21189569620987345
3.27,2.9038508493100226,1.60798034760909,-1.4155796676920636,1.265449435475864,1.613522026653059,0.22429609971200032
3.2800000000000002,2.9103373465500293,1.6151407278424212,-1.4178481007473493,1.2947174113674804,1.635488640342019,0.23721536124193615
3.29,2.916380448746442,1.6221456323024703,-1.4202454761770733,1.3276341658095137,1.6573915753213475,0.25048643226861184
3.3000000000000003,2.92194269742439,1.6289939391190067,-1.4227753109458323,1.3640322008423764,1.6791010373474555,0.2638917864015141
3.31,2.926988335394383,1.6356858098230371,-1.4254389493126096,1.403578466680734,1.7005560064966043,0.27717622028088323
3.3200000000000003,2.931484960004744,1.6422220068518345,-1.4282351855849327,1.4459571549279095,1.7216767673215527,0.29008299021746287
3.33,2.935403357700178,1.6486040722260784,-1.4311602464559274,1.4909091861236115,1.7422377121849384,0.3023362991093324
3.34,2.9387169376813005,1.6548357856807643,-1.4342075996988002,1.5380681416125999,1.761992305564154,0.3136313125268326
3.35,2.9414028047341585,1.660923374979697,-1.437367664831886,1.586937178089544,1.7807356980342561,0.32365107816976313
3.36,2.943443063343501,1.6668750995132553,-1.4406276918552248,1.6370346041736998,1.7981390705131284,0.33207607337987677
3.37,2.944824666179159,1.6727024901877092,-1.4439717352087214,1.6879196943857333,1.813757243712212,0.33860118981493703
3.38,2.94553900364879,1.678421514403227,-1.4473807984962792,1.7389156142342657,1.827320874221407,0.3429369711775735
3.39,2.945584265469801,1.6840508175088669,-1.450832990842648,1.7890868793491523,1.8387372048852972,0.3448153041782939
3.4,2.944968027492688,1.689609956900378,-1.4543037402142787,1.8373722656885634,1.8479690902330592,0.3440091814670763
3.41,2.9437085091374446,1.6951188461997793,-1.4577662044818194,1.8822412804381763,1.8554045467538054,0.34034228760515695
3.42,2.9418392661177526,1.7005935039328082,-1.4611917783418906,1.922010820671001,1.8614914609554174,0.3337063222262401
3.43,2.9394107165748595,1.7060454551266613,-1.4645507734702303,1.9554766305547806,1.8659989859674895,0.32406652204900516
3.44,2.936485352635292,1.7114885189427689,-1.4678131538953383,1.9816454999655182,1.868301957302156,0.31146173998467563
3.45,2.933135629978197,1.716942752153003,-1.4709492721637172,1.999434153039712,1.867754410909809,0.2960159494841098
3.46,2.929444868513009,1.7224346574361247,-1.473930720548425,2.0076815954500082,1.8636972906342995,0.2779447597669112
3.47,2.925508029580311,1.727997314600155,-1.4767312474094674,2.005157067938058,1.8554655091918115,0.2575566861717283
3.48,2.921432413613528,1.7336704411949984,-1.479327686257385,1.9905670284029129,1.8423950494196384,0.2352492998140129
3.49,2.917338287976316,1.7395003821119706,-1.4817008463132544,1.9625571572543978,1.8238284390439197,0.21149880043263888
3.5,2.9133594947436467,1.7455400444341507,-1.483836298797113,1.9197153008535965,1.7991204248087664,0.18684334960269275
3.5100000000000002,2.909644029046658,1.751848775542755,-1.485724996548593,1.8605867462726269,1.7676476507263408,0.1618602911548088
3.52,2.9063544646693287,1.7584921444368007,-1.487363665851934,1.7847709870464175,1.7292954323650362,0.1372648158547072
3.5300000000000002,2.903657405675868,1.7655368510441196,-1.4887561829529328,1.6939484949599266,1.6849052359174734,0.11390165725789347
3.54,2.901702620548064,1.7730412490483587,-1.4899148566260463,1.5907326993867223,1.6357036067926618,0.09245552778018344
3.5500000000000003,2.900613846203167,1.7810513387512583,-1.4908588553568738,1.4775692742097826,1.5828398187453487,0.07331278548223268
3.56,2.9004903944234073,1.789601617205653,-1.4916112128515149,1.35677313719403,1.5273969143867974,0.05660594790254933
3.5700000000000003,2.9014084582768276,1.798715741904206,-1.492196289077432,1.2305276529290254,1.470393079460088,0.04225883480950229
3.58,2.9034224267886595,1.8084071805142743,-1.492637682340713,1.100886952837274,1.4127843201305255,0.03003401974741487
3.59,2.9065661772114173,1.818679833029091,-1.4929566168698623,0.9697813378619629,1.355468664624171,0.01958054279826829
3.6,2.910854312464488,1.8295286124652574,-1.493170807982746,0.8390249618142094,1.2992916260558875,0.010479903797397494
3.61,2.9162833195271447,1.8409399745906014,-1.4932937888557487,0.7103371504190916,1.2450567528094791,0.002290611027485967
3.62,2.9228325211661583,1.8528923339107681,-1.493334677502443,0.5853524030092702,1.193531894618268,-0.00541278288654821
3.63,2.930464935507174,1.8653564283977375,-1.4932983383613316,0.4656195898226618,1.1454289897322065,-0.013004171201010287
3.64,2.939128231692016,1.8782957283318304,-1.4931858748479454,0.35317181831323713,1.1015839264558978,-0.020751782407781198
3.65,2.948749647463984,1.8916654766291223,-1.492995733398423,0.2505803961735708,1.0629235614847463,-0.02877046455948409
3.66,2.959230736378706,1.9054116404591301,-1.4927252123916308,0.15911110922920296,1.0298887659161322,-0.037114931098834444
3.67,2.9704604057408304,1.9194758056822352,-1.4923710866389812,0.07939724683000471,1.002588171598654,-0.04574600590733175
3.68,2.9823213227276417,1.9337983904544056,-1.4919304704659064,0.012694580167929237,0.9813080787669815,-0.054456665123047206
3.69,2.9946835878922187,1.9483169883203537,-1.4914025653558585,-0.04100980076847671,0.9658628893243109,-0.06302596875994489
3.7,3.007417468076907,1.962971037066408,-1.4907887907360813,-0.08297866239008056,0.9556082543489474,-0.07128681610879291
3.71,3.020405883202733,1.9777064174547938,-1.490092233281323,-0.11442050040506102,0.949933265516181,-0.07906026603928186
3.72,3.0335438672935884,1.9924751159262784,-1.4893177690815558,-0.13648632680609085,0.948261958686724,-0.08617388111554476
3.73,3.0467379933313996,2.0072348757120744,-1.4884719986022117,-0.15026684125809564,0.9500541778232683,-0.0924747917172821
3.74,3.0599057698254875,2.0219488393042586,-1.4875630510031081,-0.15679008999036537,0.9548060621907783,-0.0978380240336816
3.75,3.0729750139694794,2.03658518605344,-1.4866003051771162,-0.15701967569419895,0.9620501674490769,-0.10217101881654755
3.7600000000000002,3.0858832068943416,2.0511167685562115,-1.4855940656008375,-0.1518536773284067,0.9713552834886754,-0.10541517417163646
3.77,3.0985768381153225,2.0655207508662663,-1.4845552227568888,-0.1421242726592048,0.9823259539116949,-0.10754514055742036
3.7800000000000002,3.111010746110221,2.0797782514312204,-1.4834949205801895,-0.12859812013418315,0.9946018159856165,-0.1085664933078695
3.79,3.1231474617208,2.0938739935217288,-1.482424247101853,-0.11197734148629801,1.0078566472872201,-0.10851231085190136
3.8000000000000003,3.134956561766215,2.1077959667812745,-1.4813539595597018,-0.09290005855799166,1.0217959486164223,-0.10743911618254974
3.81,3.1464140370859703,2.121535101051172,-1.480294250329405,-0.07194376932462787,1.0361571421447235,-0.10542242795822976
3.8200000000000003,3.1575016796060353,2.13508495393283,-1.4792545566218438,-0.04962719294019202,1.050707303058296,-0.10255234819759143
3.83,3.1682064942865065,2.148441414746013,-1.4782434146523629,-0.026413025071026275,1.0652414574101283,-0.09892928864561772
3.84,3.178520138614432,2.1616024255117567,-1.4772683565461968,-0.002710924545056892,1.0795807996613616,-0.0946600049380941
3.85,3.1884383919559713,2.174567719762005,-1.4763358469024377,0.021119009511761877,1.0935710327482884,-0.08985406887688999
3.86,3.197960659673656,2.1873385779497476,-1.4754512546356269,0.0447628491408405,1.1070806119495566,-0.084620792862565
3.87,3.2070895111235167,2.1999176004207732,-1.4746188555734763,0.0679501286481593,1.1199986263177353,-0.07906656987621355
3.88,3.2158302447364173,2.2123085015705812,-1.4738418616552134,0.0904507414528608,1.1322329053576485,-0.0732927325745757
3.89,3.22419048412659,2.2245159229333176,-1.4731224715392965,0.11207140355014811,1.1437084540033773,-0.06739393107619923
3.9,3.2321798095615564,2.236545261919226,-1.4724619374333898,0.13265245357763883,1.154365845937599,-0.06145692554863011
3.91,3.239809421386637,2.2484025165702564,-1.4718606439711839,0.15206477929463463,1.1641597501390955,-0.055559712316929646
3.92,3.247091833636497,2.2600941457958403,-1.4713181952918446,0.17020696148567516,1.173057414586267,-0.049771121533000236
3.93,3.254040596889752,2.27162694405894,-1.4708335068433116,0.18700257348827604,1.1810372271988818,-0.04415067961237749
3.94,3.2606700484438265,2.2830079300010215,-1.4704048988590788,0.20239755724515263,1.1880874665695726,-0.03874865239066029
3.95,3.2669950882703294,2.294244248069724,-1.4700301889751857,0.2163577837764642,1.1942051116106152,-0.0336063362679181
3.96,3.2730309793598606,2.30534308205713,-1.4697067819531202,0.2288667836473377,1.1993947321103777,-0.0287564935237789
3.97,3.2787931707966775,2.316311579686266,-1.4694317549229674,0.23992362766670583,1.2036674741030557,-0.02422392635031658
3.98,3.2842971419874862,2.327156787376783,-1.4692019369704292,0.24954096034713735,1.2070401280959397,-0.020026135266530798
3.99,3.289558266521787,2.337885594364244,-1.469013982210817,0.25774318668299584,1.2095342685870654,-0.016174018012295448
4.0,3.294591694194185,2.3485046853885145,-1.4688644358128673,0.26456479699871094,1.2111754715974958,-0.012672599531343517
4.01,3.29941224977463,2.3590205012059475,-1.4687497927231095,0.27004882638294975,1.2119926022559213,-0.00952176559281302
4.0200000000000005,3.30403434718074,2.369439206224736,-1.4686665490542654,0.274245441701068,1.2120171681828569,-0.006716981679691881
4.03,3.308471917774525,2.3797666626038008,-1.4686112462745453,0.27721064751919994,1.2112827371838177,-0.004249976958097865
4.04,3.3127383515791737,2.390008410200015,-1.4685805084971852,0.2790051125820433,1.209824405623932,-0.002109410294456543
4.05,3.3168464502686676,2.4001696517848123,-1.4685710732655788,0.2796930992462872,1.20767832763404,-0.0002814680115679406
4.0600000000000005,3.3208083908414965,2.4102552429855106,-1.468579816289798,0.2793414958825538,1.204881296923423,0.001249585663670737
4.07,3.3246356989631676,2.4202696864111237,-1.4686037706634893,0.27801894738272864,1.2014703748363171,0.002500911633917793
4.08,3.328339231000607,2.430217129495908,-1.4686401411114856,0.2757950785898178,1.1974825547898849,0.0034906539896648664
4.09,3.33192916381932,2.4401013656967225,-1.4686863138183543,0.27273980149483634,1.192954468191796,0.004237552679476216
4.1,3.3354149915057314,2.449925838629301,-1.468739862383974,0.2689227006308994,1.1879221325990772,0.004760609264409494
4.11,3.3388055282328284,2.459693648720904,-1.4687985504369516,0.2644124935460024,1.182420735389694,0.005078802845637563
4.12,3.342108916518421,2.4694075620241054,-1.4688603314075945,0.25927656150660977,1.1764844503439762,0.005210852736950599
4.13,3.3453326401738095,2.4790700208624914,-1.4689233459278594,0.25358054573035427,1.1701462846400512,0.005175024030105362
4.14,3.3484835412876777,2.488683156004005,-1.4689859172871826,0.2473880045830878,1.163437953866349,0.004988971965886474
4.15,3.351567840635667,2.4982488000816327,-1.469046545332234,0.2407601272915556,1.1563897827455234,0.004669620938662979
4.16,3.354591160950591,2.5077685020041907,-1.4691038991569065,0.2337554998350076,1.1490306293511772,0.004233074002101094
4.17,3.357558552531599,2.517243542122143,-1.469156808887534,0.2264299214078911,1.141387829206787,0.0036945492727648143
4.18,3.3604745206867004,2.5266749479494934,-1.4692042568323034,0.21883626792698568,1.1334871569848826,0.0030683395618475834
4.19,3.3633430545383067,2.53606351026561,-1.4692453682271214,0.2110243938203912,1.1253528067297236,0.0023677910231829696
4.2,3.366167656809092,2.545409799411605,-1.4692794017680908,0.20304106769008698,1.1170073891373677,0.0016052974974650712
4.21,3.368951374249538,2.554714181610553,-1.4693057400875382,0.19492994063362395,1.1084719427138798,0.0007923079992501775
4.22,3.3716968283807023,2.563976835172626,-1.4693238803050122,0.186731543991442,1.0997659569636309,-6.065520213220974e-05
4.23,3.3744062462580473,2.573197766464691,-1.4693334247591783,0.1784833131610883,1.0909074060165067,-0.0009439701847108242
4.24,3.377081490995792,2.5823768255398454,-1.4693340720037709,0.17021963428681303,1.0819127911987356,-0.0018488826335250283
4.25,3.379724091823138,2.5915137213372983,-1.4693256081310135,0.16197191080672904,1.0727971911487248,-0.002767468447238312
4.26,3.38233527347391,2.6006080363770043,-1.4693078984690353,0.1537686470162401,1.0635743181764337,-0.003692593117667529
4.2700000000000005,3.384915984739568,2.6096592408864647,-1.469280879685536,0.14563554598719464,1.0542565796590433,-0.00461786906912684
4.28,3.3874669260421375,2.618666706309181,-1.4692445523181004,0.13759561936642825,1.0448551433551378,-0.005537611912341442
4.29,3.389988575908395,2.627629718155416,-1.4691989737418338,0.1296693067587362,1.0353800056308753,-0.006446796414010566
4.3,3.3924812162495757,2.636547488165989,-1.4691442515771342,0.12187460257702121,1.02584006170223,-0.007341012907545204
4.3100000000000005,3.3949449563720444,2.645419165768891,-1.4690805375342864,0.11422718842742186,1.0162431770425293,-0.008216424374333094
4.32,3.3973797556636973,2.65424384881678,-1.4690080216868013,0.10674056926896316,1.0065962592166087,-0.009069724734334362
4.33,3.399785444918469,2.663020593600998,-1.468926927161806,0.09942621176180721,0.9969053294767855,-0.009898098569150568
4.34,3.4021617462771587,2.671748424144334,-1.468837505233206,0.09229368338061655,0.9871755935387463,-0.01069918244991612
4.3500000000000005,3.4045082917770575,2.6804263407805817,-1.4687400308015812,0.085350791030945,0.9774115110309514,-0.011471027982234606
4.36,3.4068246405154503,2.689053328034017,-1.4686347982436319,0.07860371805386379,0.9676168631826583,-0.012212066629607502
4.37,3.409110294443229,2.69762836181624,-1.4685221176133936,0.07205715864313922,0.9577948183827992,-0.012921076338565663
4.38,3.4113647128146116,2.706150415961534,-1.468402311177202,0.06571444884395988,0.9479479953019145,-0.01359714995727889
4.39,3.4135873253272617,2.7146184681249554,-1.468275710264464,0.05957769342946137,0.938078523325624,-0.014239665417967444
4.4,3.415777543994191,2.7230315050698817,-1.4681426524165688,0.05364788808168608,0.9281881000806241,-0.014848257637510538
4.41,3.417934773794775,2.731388527373758,-1.468003478816613,0.04792503643445101,0.9182780458554647,-0.015422792077703714
4.42,3.420058422156699,2.7396885535820843,-1.467858531983591,0.042408261222774774,0.9083493552353028,-0.01596333996308542
4.43,3.4221479073249994,2.7479306238418495,-1.4677081537134777,0.03709590977020183,0.8984027452246784,-0.01647015385896904
4.44,3.4242026656778006,2.7561138030465697,-1.4675526832531658,0.03198565346740234,0.8884387000843841,-0.01694364757722806
4.45,3.426222158049281,2.7642371835251187,-1.4673924556943447,0.02707458104364216,0.8784575130288819,-0.017384376182304456
4.46,3.4282058751212485,2.772299887306341,-1.4672278005702664,0.022359285566815032,0.8684593247713812,-0.017793016130986515
4.47,3.4301533419457093,2.780301067991285,-1.4670590406412711,0.01783594522151627,0.8584441588770304,-0.01817034761258616
4.48,3.432064121661085,2.78823991226448,-1.4668864908568833,0.01350039788883041,0.8484119540351576,-0.018517238159445365
4.49,3.433937818464185,2.796115641074912,-1.466710457481815,0.009348209628374668,0.8383625933402626,-0.01883462747573393
4.5,3.435774079899018,2.8039275105164676,-1.4665312373736852,0.005374737203096933,0.82829593068636,-0.019123513438233982
4.51,3.437572598522137,2.8116748124365563,-1.4663491174007413,0.001575184822403139,0.8182118143902948,-0.019384939223199595
4.5200000000000005,3.4393331130024496,2.8193568748004756,-1.4661643739883137,-0.002055344694948988,0.8081101081712344,-0.019619981518564145
4.53,3.441055408711408,2.826973061837808,-1.4659772727831644,-0.005521804111405376,0.797990709618318,-0.019829739776997198
4.54,3.4427393178572325,2.834522773995825,-1.4657880684253102,-0.008829161070366534,0.7878535662849089,-0.020015326468640366
4.55,3.4443847192143755,2.8420054477234644,-1.465597004417317,-0.011982362248262476,0.77769868955583,-0.02017785830250123
4.5600000000000005,3.4459915374968273,2.8494205551080545,-1.465404313081466,-0.014986302088314696,0.7675261664321736,-0.020318448378687945
4.57,3.447559742421154,2.8567676033855287,-1.4652102155956266,-0.017845795817689344,0.7573361693440533,-0.02043819916215947
4.58,3.4490893475024382,2.864046134343449,-1.4650149220990727,-0.020565556486796532,0.7471289641588676,-0.02053819629015125
4.59,3.4505804086234413,2.8712557236347034,-1.464818631859879,-0.023150175774197312,0.7369049165591739,-0.02061950323813292
4.6000000000000005,3.4520330224145117,2.8783959800183485,-1.4646215334959571,-0.025604108249622413,0.7266644968871249,-0.0206831567134974
4.61,3.4534473244790425,2.8854665445426693,-1.4644238052422172,-0.027931658822156515,0.7164082835956866,-0.020730162751667995
4.62,3.454823487496463,2.8924670896842084,-1.4642256152567745,-0.03013697310480184,0.7061369654383972,-0.020761493478464912
4.63,3.4561617192320426,2.8993973184552475,-1.4640271219595524,-0.032224030433520366,0.6958513425211177,-0.020778084491468965
4.64,3.4574622604801717,2.9062569634909545,-1.4638284743970678,-0.03419663928850699,0.6855523263366436,-0.020780832820962523
4.65,3.458725382965259,2.9130457861262222,-1.4636298126276075,-0.036058434873376795,0.6752409388947396,-0.020770595425895134
4.66,3.4599513872219387,2.919763575471102,-1.4634312681214532,-0.03781287861858808,0.6649183110542836,-0.02074818818233919
4.67,3.461140600473945,2.926410147492656,-1.463232964171217,-0.03946325938704626,0.6545856801583239,-0.02071438532211154
4.68,3.4622933745287927,2.932985344110062,-1.4630350163077994,-0.04101269617228391,0.64424438706729,-0.020669919280098002
4.69,3.4634100837033004,2.9394890323088245,-1.462837532717874,-0.04246414209124482,0.6338958726787414,-0.020615480909782855
4.7,3.4644911227930275,2.945921103279099,-1.4626406146592204,-0.043820389486344716,0.6235416740159375,-0.02055172002758501
4.71,3.465536905096821,2.9522814715822796,-1.462444356870617,-0.04508407596321025,0.6131834199607776,-0.02047924624772987
4.72,3.4665478605059548,2.9585700743492667,-1.4622488479733897,-0.04625769120323108,0.6028228267002733,-0.020398630071203308
4.73,3.467524433665716,2.9647868705131293,-1.4620541708620731,-0.0473435844041743,0.5924616929515474,-0.020310404193977873
4.74,3.468467082215844,2.970931840078233,-1.4618604030819953,-0.048343972212221725,0.5821018950239234,-0.020215065001189934
4.75,3.4693762751148425,2.9770049834273102,-1.4616676171919236,-0.04926094702105035,0.5717453817713916,-0.020113074215731667
4.76,3.4702524910519563,2.9830063206674318,-1.46147588111023,-0.05009648552491447,0.5613941694824391,-0.020004860671799914
4.7700000000000005,3.471096216949464,2.988935891015355,-1.4612852584433251,-0.050852457422194484,0.5510503367478912,-0.019890822185640943
4.78,3.47190794655691,2.994793752222317,-1.4610958087953907,-0.05153063418008832,0.5407160193468371,-0.019771327498107217
4.79,3.472688179138004,3.0005799800379607,-1.4609075880586884,-0.052132697780394574,0.5303934051852554,-0.01964671826572886
4.8,3.4734374182501035,3.006294667712708,-1.4607206486839672,-0.05266024937375298,0.5200847293157682,-0.019517311078445846
4.8100000000000005,3.4741561706154944,3.0119379255376275,-1.4605350399306958,-0.05311481777999966,0.5097922690641542,-0.01938339948449034
4.82,3.474844945083032,3.017509880420591,-1.460350808097051,-0.05349786778146497,0.49951833928562805,-0.01924525600468426
4.83,3.475504251678198,3.023010675497263,-1.4601679967297712,-0.0538108081625036,0.489265287768683,-0.01910313412032728
4.84,3.4761346007391425,3.0284404697753176,-1.4599866468141323,-0.05405499945554285,0.4790354908008717,-0.018957270220543946
4.8500000000000005,3.476736502135894,3.0337994378101065,-1.45980679694446,-0.054231761363043564,0.46883134891055733,-0.018807885496317886
4.86,3.4773104645696167,3.039087769409883,-1.4596284834757003,-0.05434237983024237,0.45865528279558043,-0.018655187771711993
4.87,3.4778569949485254,3.0443056693685637,-1.4594517406566885,-0.0543881137478312,0.44850972944354955,-0.01849937326223534
4.88,3.478376597836889,3.049453357223973,-1.459276600745837,-0.054370201272267035,0.43839713845403583,-0.018340628252951303
4.89,3.4788697749733934,3.054531067039399,-1.4591030941100467,-0.054289865757529546,0.428319968577971,-0.018179130690014107
4.9,3.479337024855117,3.0595390472061568,-1.4589312493077082,-0.054148321288524766,0.4182806844654723,-0.018015051680582345
4.91,3.4797788423832263,3.064477560264925,-1.4587610931567063,-0.053946777808609764,0.4082817536068944,-0.017848556896951657
4.92,3.4801957185664634,3.0693468827437753,-1.4585926507883895,-0.05368644585015886,0.39832564348512217,-0.017679807882370235
4.93,3.4805881402785657,3.074147305010657,-1.458425945688484,-0.053368540877171314,0.3884148189517273,-0.017508963256421452
4.94,3.480956590065853,3.0788791311379344,-1.4582609997259612,-0.05299428724352351,0.37855173981698986,-0.017336179818970378
4.95,3.481301546001249,3.0835426787767104,-1.4580978331708736,-0.05256492177307945,0.3687388586421078,-0.017161613553733624
4.96,3.4816234815810807,3.0881382790387746,-1.4579364647022006,-0.05208169697021851,0.35897861872438946,-0.016985420546126777
4.97,3.4819228656610814,3.092666276384097,-1.4577769114067518,-0.051545883875935256,0.3492734522827225,-0.016807757831303855
4.98,3.4822001624281795,3.097127028511685,-1.4576191887700403,-0.05095877459692968,0.33962577885383693,-0.016628783975215562
4.99,3.482455831404819,3.1015209062515963,-1.457463310660086,-0.050321684502925235,0.33003800387870247,-0.016448659678687732
5.0,3.48269032748269,3.105848293456063,-1.4573092893052517,-0.04963595411259024,0.3205125174799915,-0.016267548318372686
5.01,3.4829041009828794,3.1101095868876616,-1.457157135267075,-0.04890295068740566,0.31105169343084765,-0.01608561636044778
5.0200000000000005,3.4830975977396212,3.1143051961024932,-1.4570068574090171,-0.048124069546516185,0.30165788831011925,-0.015903033677733436
5.03,3.483271259204971,3.1184355433263495,-1.456858462862054,-0.047300735118036105,0.2923334408420455,-0.01571997377587085
5.04,3.48342552257187,3.1225010633218995,-1.4567119569880045,-0.046434401740060055,0.2830806714143363,-0.015536613930990185
5.05,3.4835608209132274,3.126502203244957,-1.4565673433414856,-0.04552655422327728,0.27390188176614383,-0.015353135241317086
5.0600000000000005,3.483677583334733,3.130439422488002,-1.45642462363135,-0.04457870819103481,0.2647993548491789,-0.015169722594402555
5.07,3.483776235139305,3.13431319250907,-1.4562837976824483,-0.04359241021060868,0.25577535486400943,-0.014986564552685709
5.08,3.4838571980011874,3.1381239966441354,-1.4561448633985385,-0.04256923772503313,0.24683212746328242,-0.014803853157933465
5.09,3.4839208901478207,3.141872329901161,-1.4560078167271475,-0.04151079879530918,0.2379719001179484,-0.01462178365669148
5.1000000000000005,3.4839677265477076,3.1455586987340576,-1.455872651627176,-0.04041873166281248,0.2291968826474079,-0.014440554147726959
5.11,3.4839981191025786,3.149183620794771,-1.4557393600400288,-0.039294704139252526,0.2205092679107311,-0.014260365152123132
5.12,3.4840124768422616,3.1527476246617416,-1.455607931865042,-0.038140412830370174,0.21191123265481687,-0.014081419106939037
5.13,3.4840112061206914,3.156251249543035,-1.4554783549399712,-0.03695758219851063,0.20340493851577945,-0.013903919782781798
5.14,3.4839947108115767,3.1596950449524672,-1.455350615027304,-0.03574796346770415,0.1949925331705516,-0.013728071625558499
5.15,3.483963392502249,3.1630795703570853,-1.4552246958071504,-0.03451333337323738,0.18667615163771456,-0.013554079021735832
5.16,3.4839176506842624,3.1664053947943716,-1.4551005788774831,-0.0332554927563729,0.17845791772253417,-0.013382145486854556
5.17,3.4838578829393043,3.169673096457592,-1.4549782437624885,-0.0319762650032999,0.17033994560194143,-0.013212472776565839
5.18,3.4837844851189756,3.172883262247749,-1.454857667929807,-0.0306774943267444,0.16232434154525852,-0.013045259919277656
5.19,3.4836978515169768,3.176036487290641,-1.4547388268174488,-0.02936104388757325,0.15441320575838668,-0.012880702170380624
5.2,3.483598375032218,3.179133374417661,-1.4546216938711634,-0.02802879375089923,0.14660863434226998,-0.012718989887062484
5.21,3.4834864473213085,3.1821745336090483,-1.4545062405930647,-0.026682638671150262,0.13891272136442476,-0.012560307321703795
5.22,3.483362458938829,3.185160581398323,-1.454392436602323,-0.02532448569957176,0.13132756103542273,-0.012404831332872216
5.23,3.4832267994637225,3.1880921402367237,-1.4542802497087481,-0.023956251606260283,0.12385524997648859,-0.01225273001298818
5.24,3.4830798576100714,3.1909698378165863,-1.4541696460000992,-0.02257986010849671,0.11649788956350282,-0.012104161232482983
5.25,3.4829220213204213,3.193794306352772,-1.4540605899439567,-0.021197238959493842,0.10925758832999416,-0.011959271117961663
5.26,3.4827536778403867,3.1965661818214137,-1.4539530445048192,-0.019810316815773374,0.10213646441610902,-0.011818192443817587
5.2700000000000005,3.4825752137724217,3.199286103155376,-1.4538469712772892,-0.018421019761577537,0.09513664804817135,-0.01168104290530609
5.28,3.4823870151054543,3.201954711395996,-1.4537423306365373,-0.017031267621941827,0.08826028402088246,-0.01154792331527319
5.29,3.482189467218369,3.204572648800927,-1.4536390819068086,-0.015642970132318215,0.08150953415191628,-0.01141891574904574
5.3,3.481982954856031,3.2071405579082337,-1.4535371835484898,-0.014258022825682195,0.07488657968768031,-0.011294081602833766
5.3100000000000005,3.48176786207513,3.2096590805570817,-1.4534365933646096,-0.012878302568012867,0.06839362363620083,-0.011173459551653338
5.32,3.4815445721564435,3.2121288568656094,-1.4533372687277732,-0.011505662886784517,0.062032892990077,-0.011057063455304631
5.33,3.481313467481563,3.2145505241669508,-1.4532391668280569,-0.010141929165849016,0.05580664078803918,-0.010944880243095792
5.34,3.481074929372861,3.216924715904874,-1.4531422449420792,-0.008788893472384148,0.0497171479799573,-0.01083686772068169
5.3500000000000005,3.480829337893135,3.219252060490869,-1.4530464607240579,-0.007448308925904215,0.04376672506925727,-0.010732952301765433
5.36,3.4805770716005,3.221533180124838,-1.45295177252014,-0.006121883847334749,0.03795771344255228,-0.010633027115382757
5.37,3.48031850725671,3.2237686895819,-1.4528581397054925,-0.004811275819901709,0.03229248643765861,-0.010536948993402859
5.38,3.48005401948725,3.2259591949685493,-1.452765523043881,-0.003518085378642283,0.026773449956902645,-0.010444536367401398
5.39,3.479783980390354,3.228105292452101,-1.4526738850705279,-0.002243849460113896,0.021403042626346375,-0.010355567086397791
5.4,3.479508759092585,3.2302075669678545,-1.4525831904978965,-0.0009900349293025072,0.01618373545740892,-0.010269776179090018
5.41,3.479228721251859,3.2322665909087216,-1.4524934066431046,0.00024196840022499763,0.011118030914671631,-0.010186853811294914
5.42,3.4789442285027548,3.234282922803508,-1.4524045038771751,0.0014508556064596143,0.006208461238899413,-0.010106443018216494
5.43,3.4786556378357414,3.2362571059908913,-1.452316456096995,0.002635414126841696,0.0014575861340502538,-0.010028137656010875
5.44,3.478363300914197,3.2381896672952544,-1.4522292412174396,0.0037945310191420355,-0.003132010310753608,-0.009951480626589404
5.45,3.4780675633313654,3.2400811157119427,-1.4521428416813098,0.00492720047469249,-0.007557723658375981,-0.009875962249929817
5.46,3.4777687638048365,3.241931941111385,-1.4520572449856326,0.006032530749932204,-0.011816934024198325,-0.009801019014874904
5.47,3.4774672333144854,3.2437426129705695,-1.4519724442205515,0.007109751840144771,-0.01590701216432694,-0.009726032395621751
5.48,3.477163294176561,3.2455135791435934,-1.4518884386201516,0.008158223503445389,-0.01982532684933068,-0.009650327873089516
5.49,3.4768572590505396,3.2472452646839924,-1.4518052341231895,0.009177441496023876,-0.023569253487966874,-0.009573174771023658
5.5,3.4765494298967403,3.248938070731193,-1.4517228439355812,0.010167044632458648,-0.027136184257830057,-0.009493786224632416
5.51,3.476240096876573,3.250592373475999,-1.451641289093339,0.011126824701090087,-0.03052353921597631,-0.009411318650689454
5.5200000000000005,3.4759295371669787,3.2522085232147635,-1.4515605990309512,0.012056734991609806,-0.03372877882164832,-0.009324871987505883
5.53,3.4756180137030577,3.253786843506188,-1.4514808121475167,0.012956894124470915,-0.03674941858725197,-0.009233491752140686
5.54,3.475305773895986,3.2553276304518928,-1.4514019763524746,0.01382758707925924,-0.03958304566768527,-0.009136172366649466
5.55,3.4749930483543414,3.256831152119959,-1.4513241495782525,0.014669267045848523,-0.042227337137691855,-0.009031860713913022
5.5600000000000005,3.4746800496007335,3.2582976481281616,-1.451247400257548,0.015482562840030939,-0.04468007964810601,-0.00891945856571689
5.57,3.4743669707282026,3.2597273294005213,-1.4511718077765345,0.01626828552473287,-0.04693919115907541,-0.008797825783713036
5.58,3.4740539840044558,3.26112037811776,-1.4510974628962816,0.01702742692251036,-0.0490027452737091,-0.008665786424212
5.59,3.47374123950514,3.2624769478875,-1.4510244681133575,0.017761156323109924,-0.05086899770104691,-0.008522135917585202
5.6000000000000005,3.473428863794322,3.263797164155317,-1.4509529379488932,0.018470817839586467,-0.05253641476168443,-0.008365648630654615
5.61,3.473116958645803,3.265081124876898,-1.4508829991622856,0.01915792595693366,-0.05400370413439304,-0.008195086531580931
5.62,3.4728055998234644,3.266328901473523,-1.4508147908785354,0.019824158596599775,-0.055269847931768035,-0.008009209158359563
5.63,3.4724948359456045,3.2675405400939863,-1.4507484646162003,0.020471347819797633,-0.0563341380774422,-0.007806784847127379
5.64,3.4721846874569886,3.2687160632057672,-1.4506841842033815,0.021101468215561168,-0.057196213947738064,-0.0075866031919991275
5.65,3.471875145731896,3.269855471537917,-1.4506221255694465,0.0217166220652686,-0.05785610233563605,-0.007347488982701614
5.66,3.471566172340502,3.2709587463986725,-1.4505624763977283,0.022319021157116863,-0.05831425967401509,-0.0070883176245410155
5.67,3.4712576985122228,3.2720258523902044,-1.4505054356243967,0.022910964160217432,-0.058571616494648655,-0.0068080323101815735
5.68,3.47094962484054,3.2730567405426387,-1.4504512127660014,0.023494811329728308,-0.0586296238741746,-0.006505662377988007
5.69,3.4706418212561108,3.274051351887024,-1.4504000270638413,0.024072957353631873,-0.05849030165215446,-0.0061803425579765705
5.7,3.4703341272868613,3.275009621484746,-1.4503521064363007,0.024647797656047042,-0.05815628858314291,-0.0058313343776330955
5.71,3.4700263526706117,3.275931482932521,-1.4503076862175757,0.02522168896544283,-0.05763089413128723,-0.00545804939507277
5.72,3.4697182783776883,3.276816873359173,-1.4502670076645334,0.025796906063245317,-0.056918151535445397,-0.00506007360168036
5.73,3.4694096580820295,3.2776657389269777,-1.450230316221467,0.026375593602470094,-0.05602287230878155,-0.004637194725869399
5.74,3.469100220132724,3.2784780408481793,-1.4501978595277465,0.026959712047532537,-0.05495070091644134,-0.004189429073753515
5.75,3.4687896700804752,3.2792537619222766,-1.4501698851505709,0.027550977581527955,-0.05370816936748546,-0.003717047000752101
5.76,3.4684776938173383,3.2799929135964327,-1.4501466380316028,0.0281507968304568,-0.05230275263881704,-0.0032206041095063443
5.7700000000000005,3.4681639613910935,3.2806955435473797,-1.4501283576366748,0.028760195193598806,-0.050742923235631086,-0.0027009709864639626
5.78,3.467848131555339,3.2813617437764995,-1.4501152748024329,0.02937973726907003,-0.049038202516754,-0.002159368071638025
5.79,3.467529857119721,3.281991659204604,-1.4501076082699589,0.030009442472001366,-0.04719921225067618,-0.0015973962098093215
5.8,3.4672087911673852,3.2825854967465835,-1.450105560893075,0.030648693278607503,-0.04523772265198142,-0.0010170694556602086
5.8100000000000005,3.4668845942065767,3.283143534838017,-1.4501093155192084,0.03129613663413383,-0.04316669684348961,-0.00042084815445008915
5.82,3.466556942324752,3.2836661333777633,-1.45011903054016,0.031949578496206534,-0.04100033081746698,0.00018832794402803789
5.83,3.4662255364136287,3.2841537440411517,-1.4501348351128267,0.03260587137882576,-0.038754087737298826,0.0008070065958278935
5.84,3.465890112533652,3.2846069209086313,-1.450156824051221,0.033260795177601096,-0.036444725609678486,0.0014311908367831885
5.8500000000000005,3.465550453486159,3.2850263313444232,-1.450185052396585,0.03390893215899348,-0.034090318104536596,0.002056308128816878
5.86,3.4652064016586483,3.285412767046283,-1.450219529674713,0.03454353466221761,-0.0317102649823329,0.0026771796969220184
5.87,3.464857873205359,3.2857671551741605,-1.4502602138507799,0.03515638725549695,-0.02932529239512774,0.0032879917837720083
5.88,3.4645048736224378,3.2860905694523717,-1.4503070049974487,0.0357376634481554,-0.026957441082497178,0.003882268754646315
5.89,3.4641475147719367,3.2863842411241655,-1.4503597386947205,0.03627577758046553,-0.024630040804380374,0.004452848385560404
5.9,3.4637860334025308,3.2866495696211024,-1.4504181791833377,0.036757232658838776,-0.022367669242392803,0.004991859663182489
5.91,3.4634208112070675,3.286888132792057,-1.4504820122968454,0.037166465083962895,-0.0201960934841436,0.005490703416965949
5.92,3.463052396447482,3.28710169651791,-1.4505508382005976,0.03748568743846794,-0.018142192086547042,0.005940036095694918
5.93,3.4626815271657776,3.287292223518062,-1.4506241639691229,0.03769473065381921,-0.016233855610538056,0.006329756960997592
5.94,3.4623091559864165,3.2874618811340093,-1.4507013960359791,0.03777088707498864,-0.014499863417872348,0.006648998932335452
5.95,3.4619364765000595,3.2876130478532675,-1.45078183255256,0.037688756229508215,-0.012969734417614712,0.006886123294634233
5.96,3.4615649512002804,3.287748318314081,-1.4508646556944271,0.037420095384467666,-0.011673549361940792,0.0070287184421233525
5.97,3.4611963409237423,3.28787050650757,-1.4509489239554592,0.03693367726568433,-0.010641742217334993,0.007063602789255993
5.98,3.4608327357202056,3.287982646869603,-1.451033564471416,0.03619515763449553,-0.00990485808002449,0.00697683193850512
5.99,3.4604765870513567,3.2880879929297246,-1.4511173654153993,0.03516695576578545,-0.009493275067393635,0.006753710157241312
6.0,3.460130741186482,3.2881900131592876,-1.4511989685081994,0.00028808796130399503,0.00039294239250499516,-0.0007190503439451194
